source_name,task_name,cutoff_release,n_molecules,exact_exposure_rate,scaffold_exposure_rate,nn_exposure_rate_06,nn_exposure_rate_07,nn_exposure_rate_08,nn_exposure_rate_09,median_exposure_risk_score,clean_exact_count
tdc_admet,hERG,CHEMBL30,12,0.5833333333333334,0.9166666666666666,0.75,0.75,0.6666666666666666,0.5833333333333334,1.0,5
moleculenet,BBBP,CHEMBL30,12,0.6666666666666666,0.9166666666666666,0.6666666666666666,0.6666666666666666,0.6666666666666666,0.6666666666666666,1.0,4
