accuracy,auprc,auroc,balanced_accuracy,clean_test_n,exact_exposed_test_n,model_backend,model_id,n,run_id,seed,source_name,split_name,task_name,task_type,test_n,train_n,primary_score,standard_score,clean_subset_score,exposure_delta
0.5,0.4444444444444445,0.2777777777777778,0.5,3,3,sklearn_logistic_regression,morgan_logreg,6,run-00366e05b102ea48,0,tdc_admet,standard,hERG,classification,6,6,0.2777777777777778,0.2777777777777778,0.0,0.2777777777777778
0.6666666666666666,0.3333333333333333,0.0,0.5,3,0,sklearn_logistic_regression,morgan_logreg,3,run-46268f5b65a37da9,0,tdc_admet,exact_removed,hERG,classification,3,6,0.0,0.2777777777777778,0.0,0.2777777777777778
0.6666666666666666,0.9166666666666665,0.888888888888889,0.6666666666666666,2,4,sklearn_logistic_regression,morgan_logreg,6,run-83c1e345222b561d,0,moleculenet,standard,BBBP,classification,6,6,0.888888888888889,0.888888888888889,1.0,-0.11111111111111105
0.6666666666666666,0.75,0.8333333333333334,0.6666666666666666,2,4,sklearn_gradient_boosting_xgb_fallback,morgan_xgb,6,run-8ae65a6a0dc2eba1,0,moleculenet,standard,BBBP,classification,6,6,0.8333333333333334,0.8333333333333334,1.0,-0.16666666666666663
0.3333333333333333,0.5,0.33333333333333337,0.3333333333333333,3,3,sklearn_gradient_boosting_xgb_fallback,morgan_xgb,6,run-ab10b85159884666,0,tdc_admet,standard,hERG,classification,6,6,0.33333333333333337,0.33333333333333337,0.25,0.08333333333333337
0.5,1.0,1.0,0.5,2,0,sklearn_logistic_regression,morgan_logreg,2,run-ba7841a1d62d0ab7,0,moleculenet,exact_removed,BBBP,classification,2,6,1.0,0.888888888888889,1.0,-0.11111111111111105
0.3333333333333333,0.3333333333333333,0.25,0.25,3,0,sklearn_gradient_boosting_xgb_fallback,morgan_xgb,3,run-d255cd3f879ba646,0,tdc_admet,exact_removed,hERG,classification,3,6,0.25,0.33333333333333337,0.25,0.08333333333333337
1.0,1.0,1.0,1.0,2,0,sklearn_gradient_boosting_xgb_fallback,morgan_xgb,2,run-f28ab4e6370fe598,0,moleculenet,exact_removed,BBBP,classification,2,6,1.0,0.8333333333333334,1.0,-0.16666666666666663
